STN Code,Month,Stn Name,District,Type Water Body,Name Of Water Body,latitude_dd,longitude_dd,Dissolved O2,pH,BOD,Conductivity,Nitrate N,Fecal Coliform,Total Coliform,Turbidity,COD,Amonia N,Total Dissolved Solids,Phosphate
1312,September 2025,"Godavari river at Jaikwadi Dam, Village. Paithan, Taluka. Paithan, District.Ch. Sambhaji Nagar.",Ch. Sambhaji Nagar,River,Godavari,19.487716666666667,75.3712,6.5,8.3,3.6,547.0,0.92,1.8,17.0,1.1,16.0,0.98,448.0,0.4
2158,September 2025,"Godavari river at U/s of Paithan at Paithan intake pump house, Village. Jayakwadi, Taluka. Paithan, District. Ch. Sambhaji Nagar.",Ch. Sambhaji Nagar,River,Godavari,19.514783333333334,75.37428333333334,6.5,8.3,3.6,549.0,0.82,1.8,20.0,1.06,16.0,0.41,459.0,0.5
2159,September 2025,"Godavari river at D/s of Paithan at Pathegaon bridge, Village. Pathegaon, Taluka. Paithan, District. Ch. Sambhaji Nagar.",Ch. Sambhaji Nagar,River,Godavari,19.480583333333332,75.39725,6.8,8.3,3.2,547.0,0.75,1.8,25.0,1.05,12.0,0.43,449.0,0.62
2160,September 2025,"Godavari river at U/s of Aurangabad Reservoir,Kaigaon Tokka near Kaigaon bridge,Village. Kaigaon,Taluka. Gangapur,District. Ch. Sambhaji Nagar.",Ch. Sambhaji Nagar,River,Godavari,19.624383333333334,75.02483333333333,6.9,8.3,3.2,547.0,0.99,1.8,21.0,1.12,12.0,0.4,451.0,0.29
2161,September 2025,"Godavari river at Jalna Intake water pump house, Village. Shahabad, Taluka. Ambad, District. Jalna.",Jalna,River,Godavari,19.356533333333335,75.7145,6.0,8.4,3.6,348.0,0.74,1.8,35.0,1.2,16.0,0.43,284.0,0.4
2657,September 2025,"Bindusara river at Beed, near intake water pump house at Dam, Village. Paligaon, Taluka. Beed, District. Beed.",Beed,River,Bindusara,18.915366666666667,75.73726666666667,6.6,8.4,3.2,352.0,1.1,1.8,21.0,1.0,12.0,0.43,288.0,0.29
2157,September 2025,"Godavari river at Latur water intake near Pump house. Village. Dhamegaon, Taluka. Kalumb, District. Dharashiv",Latur,River,Godavari,18.55405,76.14831666666667,6.4,8.3,4.2,449.0,1.28,1.8,30.0,1.1,20.0,0.59,372.0,0.29
2673,September 2025,"Manjra river at D/s of Latur, near Latur. Nanded bridge, Village. Bhatkheda, Taluka. Latur, District. Latur.",Latur,River,Manjara,18.430433333333333,76.67088333333334,5.8,8.3,3.8,471.0,1.0,1.8,25.0,1.01,16.0,0.51,396.0,0.21
1209,September 2025,"Godavari river at Raher, Village.Raher, Taluka. Nayagaon, District. Nanded.",Nanded,River,Godavari,18.896349999999998,77.67766666666667,6.0,8.1,3.8,721.0,3.2,1.8,21.0,1.03,16.0,0.41,353.0,0.77
1210,September 2025,"Godavari river near Intake water pump house, Village. Vishnupuri, Taluka. Nanded, District. Nanded.",Nanded,River,Godavari,19.12685,77.27938333333333,5.9,8.2,4.0,504.0,1.68,1.8,25.0,1.1,20.0,1.1,423.0,0.29
5992,September 2025,"Asna River, Dist- Nanded",Nanded,River,,19.175556,77.350556,4.5,8.2,5.8,581.0,4.0,1.8,17.0,1.21,24.0,0.91,485.0,0.32
12,September 2025,"Godavari river at Dhalegaon, Village. Dhalegaon, Taluka. Pathari,  District. Parbhani.",Parbhani,River,Godavari,19.2254,76.36423333333333,7.6,8.4,2.2,418.0,1.46,1.8,17.0,1.02,8.0,0.61,354.0,0.27
5991,September 2025,"Purna River, Yeldari dam, Dist- Parbhani",Parbhani,River,,19.72034,76.73189,5.8,8.1,4.0,404.0,1.8,1.8,20.0,1.01,16.0,0.61,345.0,0.31
1153,September 2025,"Krishna river at Rajapur Weir, Village. Rajapur, Taluka. Shirol, District. Kolhapur.",Kolhapur,River,Krishna,16.628616666666666,74.66488333333334,6.7,8.0,2.8,117.0,1.01,6.8,27.0,1.0,16.0,0.44,100.0,0.2
1310,September 2025,"Krishna river at Kurundwad near Santaji Ghorpade Ghat , Village.Narshingwadi, Kurundwad, Taluka. Shirol, District. Kolhapur.",Kolhapur,River,Krishna,16.687933333333334,74.60091666666666,6.8,8.2,2.8,122.0,0.94,8.1,32.0,1.0,12.0,0.4,101.0,0.2
1904,September 2025,"Panchaganga river at U/s of Kolhapur town near Balinga Pumping station, Village.Balinga, Taluka. Karvir, District. Kolhapur.",Kolhapur,River,Panchganga,16.69255,74.16621666666667,6.7,7.9,3.0,82.0,0.73,6.1,21.0,1.0,12.0,0.4,69.0,0.2
1905,September 2025,"Panchaganga river at D/s of Kolhapur town at Gandhi nagar near NH.4 bridge and MIDC, Village. Uchegaon, Taluka. Kolhapur, District. Kolhapur.",Kolhapur,River,Panchganga,16.711616666666668,74.28036666666667,6.7,8.1,3.0,84.0,0.63,8.2,33.0,1.0,12.0,0.4,65.0,0.2
2163,September 2025,"Panchaganga river at Shirol near Shirol Intake well, Village. Shirol, Taluka. Shirol, District. Kolhapur.",Kolhapur,River,Panchganga,16.721883333333334,74.59453333333333,6.7,8.3,3.0,173.0,1.02,8.3,27.0,1.0,16.0,0.4,131.0,0.2
1311,September 2025,"Panchaganga river at Ichalkaranji near MIDC  intake well. Village. Shiradhwad  (Ichalkaranji ghat), Taluka.Hatkanangale, District. Kolhapur.",Kolhapur,River,Panchganga,16.66583333333333,74.47491666666667,6.7,7.3,2.8,111.0,0.67,6.8,25.0,1.1,12.0,0.4,87.0,0.2
5986,September 2025,"Bhogawati River water sample at Haldi KT Weir, Tal. Karveer, Dist. Kolhapur",Kolhapur,River,,16.5833,74.15,6.6,8.1,3.0,88.0,0.58,6.8,26.0,1.0,16.0,0.4,73.0,0.2
5987,September 2025,"Panchaganga River, Terwad bandhara, Dist- Kolhapur",Kolhapur,River,,16.67253,74.572223,6.4,7.8,3.0,120.0,0.9,6.1,24.0,1.0,12.0,0.4,93.0,0.2
37,September 2025,"Krishna river at Maighat, Village. Gawali gally, Taluka. Miraj,  District. Sangli.",Sangli,River,Krishna,16.861833333333333,74.55765,6.4,8.0,3.2,340.0,1.74,8.2,32.0,1.2,12.0,0.4,252.0,0.2
1906,September 2025,"Krishna river at Walwa, D/s of Islampur near Vithal Temple, Village. Walwa, Taluka. Walwa, District. Sangli.",Sangli,River,Krishna,17.0279,74.36885,6.7,8.3,3.0,2474.0,1.32,6.1,26.0,1.1,12.0,0.4,186.0,0.2
5988,September 2025,"Krishna River at nagthane KT weir, nagthane, Tal-Walwa, Dist-Sangli",Sangli,River,,17.02545,74.39523,6.6,8.2,3.0,2374.0,1.36,6.8,27.0,1.0,16.0,0.4,179.0,0.2
5989,September 2025,"Krishna River at krishna ghat, miraj Dist-Sangli",Sangli,River,,16.78852,74.6315,6.6,8.1,3.0,2483.0,1.32,9.2,33.0,1.0,16.0,0.4,188.0,0.2
5990,September 2025,"Krishna River at new haripur bridge, Tal- Miraj, Dist-Sangli",Sangli,River,,16.84793,74.53857,6.3,8.0,3.0,3325.0,1.73,8.1,32.0,1.0,12.0,0.4,248.0,0.2
2164,September 2025,"Vashishti river at U/s of Three M Paper Mills near M/s Multifilms Plastic  Pvt. Ltd ., Village. Kherdi, Taluka. Chiplun, District. Ratnagiri.",Ratnagiri,River,Vashisthi,17.525216666666665,73.55095,6.7,7.6,3.0,92.0,0.33,9.3,34.0,1.0,16.0,0.4,72.0,0.2
2713,September 2025,"Vashishti river at D/s of Three M Paper Mills near Chiplun water intake  jackwell,  Village. Kherdi, Taluka. Chiplun, District. Ratnagiri.",Ratnagiri,River,Vashisthi,17.65945,73.53928333333333,6.7,7.5,3.2,87.0,,6.1,24.0,1.0,16.0,0.4,66.0,0.2
2714,September 2025,"Vashishti river at U/s of Pophali near Konphansawane bridge, Village. Pophali, Taluka. Chiplun, District. Ratnagiri.",Ratnagiri,River,Vashisthi,17.43776666666667,73.657,6.7,7.6,3.0,67.0,0.32,6.0,21.0,1.0,16.0,0.44,57.0,0.2
2676,September 2025,"Muchkundi river at Waked, Ratnagiri, near M/s Asahi India Glass Ltd., Village. Waked, Taluka. Lanja, District. Ratnagiri.",Ratnagiri,River,Muchkundi,16.774166666666666,73.5828,6.8,7.3,3.0,86.0,0.33,6.8,27.0,1.2,16.0,0.4,69.0,0.2
2199,September 2025,"Savitri river at Ovale village, Village. Ovale, Taluka. Mahad, District. Raigad.",Raigad,River,Savitri,18.07065,73.33236666666667,6.7,7.5,2.8,150.0,0.65,6.1,26.0,1.0,16.0,0.4,114.0,0.2
2701,September 2025,"Savitri river Jackwell at Upsa kendre , Village. Nangalwadi, Taluka. Mahad, District. Raigad.",Raigad,River,Savitri,18.091916666666666,73.46571666666667,6.7,7.6,3.2,85.0,0.43,6.8,31.0,1.0,16.0,0.4,72.0,0.2
2702,September 2025,"Savitri river at Shedav Dov, Village. Shedav Dov, Taluka. Mahad, District. Raigad.",Raigad,River,Savitri,18.086283333333334,73.44355,6.5,7.6,3.0,94.0,0.4,9.2,39.0,1.0,12.0,0.44,77.0,0.2
2703,September 2025,"Savitri river at Dadli road bridge, Village. Dadli, Taluka. Mahad, District. Raigad.",Raigad,River,Savitri,18.07425,73.42061666666666,6.7,7.4,3.0,99.0,0.42,8.2,31.0,1.0,12.0,0.4,79.0,0.2
2704,September 2025,"Savitri river at Muthavali village,  Village. Muthavali, Taluka. Mahad, District. Raigad.",Raigad,River,Savitri,18.07195,73.39411666666666,6.7,7.5,3.2,91.0,0.3,8.1,33.0,1.0,16.0,0.4,75.0,0.2
5996,September 2025,"Ulhas river neral, Tal- Karjat, Dist- Raigad",Raigad,River,,18.73856,73.32371,6.8,7.6,2.8,129.0,0.3,1.8,94.0,1.0,20.0,0.4,109.0,0.2
5997,September 2025,"Kundalika river , kolad, Dist- Raigad",Raigad,River,,18.411402,73.2122,7.2,7.8,3.0,75.0,0.3,6.3,280.0,1.0,16.0,0.4,63.0,0.2
2168,September 2025,"Mithi river near Road bridge, Village. Mahim, Taluka. Bandra, District. Mumbai.",Mumbai,River,Mithi River,19.051583333333333,72.84845,3.5,7.2,18.0,345.0,0.8,1400.0,9200.0,1.0,52.0,4.35,294.0,0.2
2706,September 2025,"Surya River at U/S of Surya Dam, Village. Dhamni, Taluka. Vikramgad, District. Thane.",Thane,River,Surya,19.917733333333334,72.05771666666666,7.3,7.8,2.8,141.0,0.3,1.8,58.0,1.0,16.0,0.4,121.0,0.2
2707,September 2025,"Surya river at MIDC pumping station on Boisar . Chillarphata road, Village. Garvashet, Taluka. Palghar, District. Thane",Thane,River,Surya,19.785566666666668,72.83936666666666,7.1,8.0,3.0,118.0,0.3,1.8,84.0,1.0,12.0,0.4,100.0,0.2
2708,September 2025,"Surya river at intake of Vasai.Virar water Scheme, Village. Masvan, Taluka. Palghar, District. Thane.",Thane,River,Surya,19.6977,72.851,7.2,7.7,2.8,141.0,0.3,1.8,38.0,1.0,20.0,0.4,120.0,0.2
1092,September 2025,"Kalu river at Atale village, Village. Atale, Taluka. Kalyan, District. Thane.",Thane,River,Kalu,19.45,73.16666666666667,7.2,7.8,3.0,125.0,0.32,11.0,350.0,1.0,16.0,0.4,107.0,0.2
1093,September 2025,"Ulhas river at U/s of NRC Bund, Village. Mohane, Taluka. Kalyan, District. Thane.",Thane,River,Ulhas,19.25,73.25,7.1,7.6,3.4,158.0,0.32,4.0,130.0,1.0,16.0,0.4,134.0,0.2
2162,September 2025,"Ulhas river at Jambhul water works, Village. Jambhul, Taluka. Ambernath, District. Thane.",Thane,River,Ulhas,19.2002,73.22686666666667,7.4,7.7,2.8,150.0,0.36,1.8,79.0,1.0,28.0,0.4,128.0,0.2
1094,September 2025,"Ulhas river at U/s of Badlapur water works, Village. Kulgaon, Taluka. Ambernath, District. Thane.",Thane,River,Ulhas,19.149483333333333,73.25341666666667,6.8,7.6,2.8,149.0,0.35,1.8,84.0,1.0,16.0,0.4,127.0,0.2
2653,September 2025,"Bhatsa River at D/s of Liberty Oil Mills, Satnel, Shahapur, Thane.",Thane,River,Bhatsa river,19.4479,73.3494,7.4,7.9,3.0,159.0,0.31,94.0,540.0,1.0,12.0,0.4,135.0,0.2
2654,September 2025,"Bhatsa River at U/s of Liberty Oil Mills, Satnel, Shahapur, Thane.",Thane,River,Bhatsa river,19.45018333333333,73.3545,7.4,7.9,2.8,158.0,0.3,94.0,430.0,1.0,20.0,0.4,134.0,0.2
2709,September 2025,"Tansa river near road bridge, Village. Dakewali, Taluka. Wada, District. Thane.",Thane,River,Tansa,19.48518333333333,73.0824,7.2,7.8,3.0,159.0,0.32,6.0,110.0,1.0,12.0,0.4,135.0,0.2
2712,September 2025,"Vaitarna river near road bridge, Village. Gandhare, Taluka. Wada, District. Thane.",Thane,River,Vaitarna,19.632616666666667,73.12998333333333,7.3,7.8,3.0,158.0,0.31,6.0,94.0,1.0,12.0,0.4,134.0,0.2
1461,September 2025,"Bhatsa river at D/s of Pise Dam, Village. Pise, Taluka. Bhiwandi, District. Thane.",Thane,River,Bhatsa,19.315316666666668,73.18318333333333,6.6,7.7,3.0,156.0,0.44,1.8,94.0,1.0,20.0,0.4,133.0,0.2
1151,September 2025,"Patalganga river at Shilphata bridge, Village.Khopoli,Taluka. Khalapur, District. Raigad.",Raigad,River,Patalganga,18.80125,73.32318333333333,6.9,7.4,3.2,140.0,0.42,70.0,540.0,1.0,12.0,0.4,118.0,0.2
1462,September 2025,"Patalganga river near intake of MIDC water works  (Turade w/w). Village. Turade, Taluka. Khalapur, District. Raigad.",Raigad,River,Patalganga,18.887033333333335,73.17935,7.3,7.5,3.0,146.0,0.36,9.3,170.0,1.0,12.0,0.4,124.0,0.2
2685,September 2025,"Patalganga river at D/s of Kharpada bridge , Village. Kharpada, Taluka. Khalapur, District. Raigad.",Raigad,River,Patalganga,18.83765,73.08898333333333,7.3,7.4,2.8,162.0,0.71,46.0,350.0,1.0,8.0,0.4,137.0,0.2
2686,September 2025,"Patalganga river at Vyal Pump house,  Village. Vyal,  Taluka. Khalapur, District. Raigad.",Raigad,River,Patalganga,18.87125,73.20791666666666,6.9,7.5,2.8,140.0,0.34,14.0,220.0,1.0,12.0,0.4,118.0,0.2
2687,September 2025,"Patalganga river at Khalapur pumping station, Village. Khalapur, Taluka. Khalapur, District. Raigad.",Raigad,River,Patalganga,18.825066666666668,73.28333333333333,6.9,7.5,2.8,160.0,0.67,9.3,280.0,1.0,12.0,0.4,136.0,0.2
2688,September 2025,"Patalganga river at Savroli bridge, Village. Savroli,Taluka. Khalapur,District. Raigad.",Raigad,River,Patalganga,18.817,73.28668333333333,6.7,7.4,4.0,159.0,0.68,40.0,540.0,1.0,16.0,0.4,135.0,0.2
2689,September 2025,"Patalganga river at Gagangiri Maharaj Temple, Village. Khopoli, Taluka. Khalapur, District. Raigad.",Raigad,River,Patalganga,18.786933333333334,73.35273333333333,7.2,7.7,3.0,61.0,0.3,6.0,220.0,1.0,16.0,0.4,58.0,0.2
1152,September 2025,"Kundalika river at Roha bridge,  Village.Roha, Taluka. Roha, District. Raigad.",Raigad,River,Kundalika,18.440733333333334,73.12075,7.0,7.3,2.8,133.0,0.3,70.0,350.0,1.0,12.0,0.4,112.0,0.2
2198,September 2025,"Kundalika river at Are Khurd (Saline zone), Village.Arekhurd,Taluka. Roha, District. Raigad.",Raigad,River,Kundalika,18.48235,73.04851666666667,7.0,7.4,3.2,133.0,0.3,140.0,540.0,1.0,16.0,0.4,112.0,0.2
2671,September 2025,"Kundalika river near Salav bridge (Saline zone), Village.Salav, Taluka. Roha, District. Raigad.",Raigad,River,Kundalika,18.538783333333335,72.93531666666667,4.5,7.72,8.0,23430.0,0.59,140.0,920.0,3.38,64.0,0.4,21017.0,0.2
2672,September 2025,"Kundalika river at Dhatav at Jackwell , Village. Dhatav,Taluka. Roha, District. Raigad.",Raigad,River,Kundalika,18.430316666666666,73.16365,7.4,7.5,2.8,83.0,0.3,17.0,280.0,1.0,12.0,0.4,71.0,0.2
2651,September 2025,"Amba river at D/s of Waken bridge, Village. Waken phata, Taluka. Roha, District. Raigad. ( u/s of the jackwells of M/s Supreme Petrochemicals & MIDC )",Raigad,River,Kundalika,18.519166666666667,73.15723333333334,6.8,7.8,3.8,114.0,0.3,33.0,280.0,1.0,16.0,0.4,97.0,0.2
2695,September 2025,"Pedhi river near road bridge at Dadhi. Pedhi village, Village. Dadhi. Pedhi, Taluka. Bhatkuli, District. Amravati.",Amravati,River,Pedhi,20.825533333333333,77.56305,5.0,7.3,3.8,1990.0,0.78,49.0,70.0,11.0,24.0,3.23,1699.0,0.2
2700,September 2025,"Purna river near Achalpur. Amravati road bridge, Asegaon, Village. Asegaon,Taluka. Chandur Bazar, District. Amravati.",Amravati,River,Purna,20.9066,77.61361666666667,6.0,8.1,4.0,485.0,1.13,7.8,13.0,15.0,20.0,0.47,384.0,
5993,September 2025,Chandrabhaga river at chandur jahanpur thesil daryapur Dist- Amravati,Amravati,River,,20.941,77.338,5.5,7.4,3.6,2812.0,0.58,110.0,350.0,14.0,16.0,5.63,2300.0,0.2
5994,September 2025,"Purna river at Kolhapur Tal- Daryapur, Dist- Amravati",Amravati,River,,20.944,77.502,6.4,7.5,3.9,1804.0,0.82,70.0,140.0,5.2,16.0,1.43,1430.0,0.2
5978,September 2025,"Penganga river at washim- risod road bridge, village asegaonpen, Tal-risod, dist- washim",Amravati,River,,20.0338238,76.9576,6.0,8.1,4.2,393.0,3.94,140.0,280.0,340.0,24.0,0.69,260.0,0.2
1913,September 2025,"Purna River at Dhupeshwar at u/s of Malkapur water works, Malkapur, Dist.Akola",Akola,River,Purna,20.150166666666667,76.56041666666667,6.0,8.2,6.8,384.0,2.99,49.0,79.0,6.5,24.0,0.63,271.0,0.2
2155,September 2025,"Purna river at D/s of confluence of Morna and Purna, at Andura Village, Village. Andura, Taluka. Balapur, District. Akola.",Akola,River,Morna,20.886666666666667,76.85606666666666,5.7,8.0,5.0,324.0,2.31,79.0,170.0,210.0,20.0,1.68,217.0,0.2
2675,September 2025,Morna River D/s of Railway Bridge Akola,Akola,River,Morna,20.150266666666667,77.56036666666667,5.4,7.6,5.1,3667.0,2.09,140.0,280.0,21.0,24.0,0.4,234.0,2.8
2699,September 2025,Penganga River at Mehkar .Buldana Bridge.Akola,Akola,River,Penganga,20.150166666666667,76.56041666666667,6.8,8.7,3.5,472.0,5.62,170.0,220.0,5.5,12.0,0.6,337.0,0.2
1908,September 2025,"Kolar river before confluence with Kanhan river at Waregaon Bridge, Village. Waregaon, Taluka.Kamptee, District.Nagpur.",Nagpur,River,Kanhan,21.216666666666665,79.2,5.8,8.4,4.0,591.0,2.67,140.0,280.0,11.0,16.0,0.89,378.0,0.2
2170,September 2025,"Kanhan river at U/s of M/s Vidarbha Paper Mills, Village. Sinora, Taluka. Parseoni, District. Nagpur.",Nagpur,River,Kanhan,21.211316666666665,79.23545,6.2,8.4,3.4,439.0,3.02,110.0,220.0,27.0,12.0,1.05,344.0,0.2
2171,September 2025,"Kanhan river at D/s of M/s Vidarbha Paper Mills,  Village. Sinora, Taluka. Parseoni, District. Nagpur.",Nagpur,River,Kanhan,21.209583333333335,79.23671666666667,6.1,8.4,3.6,435.0,3.26,140.0,280.0,30.0,12.0,1.05,340.0,0.2
1315,September 2025,"Wardha river at Pulgaon Railway Bridge, Village. Pulgaon,Taluka . Wardha, District. Wardha.",Nagpur,River,Wardha,20.5,78.33333333333333,7.3,8.4,4.0,344.0,1.65,79.0,170.0,75.0,16.0,0.41,240.0,0.2
1909,September 2025,"Kanhan river at D/s of Nagpur, Village. Agargaon, Taluka. Kuhi, District. Nagpur.",Nagpur,River,Kanhan,21.25,79.13333333333334,3.4,7.4,11.4,385.0,3.11,110.0,220.0,650.0,40.0,1.37,262.0,0.21
1910,September 2025,"Wainganga river after confluence with Kanhan river, Village. Ambhora,Taluka. Kuhi, District. Nagpur.",Nagpur,River,Kanhan,21.266666666666666,79.16666666666667,5.9,7.4,4.1,220.0,1.02,220.0,920.0,55.0,20.0,0.47,150.0,0.22
2722,September 2025,"Wena river at U/s of Mohata Mills, near Railway bridge on Wardha  Chandrapur Railway line, Village. Hinganghat, Taluka. Hinganghat, District. Wardha.",Nagpur,River,Wena,20.950133333333333,79.0126,5.8,7.9,5.0,308.0,2.48,70.0,140.0,450.0,20.0,0.62,251.0,0.2
2723,September 2025,"Wena river at D/s of Mohata Mills, near  bridge on Hinganghat. Wadner road,  Village. Hinganghat, Taluka. Hinganghat,  District. Wardha.",Nagpur,River,Wena,20.54425,78.8119,5.4,8.0,6.0,304.0,2.14,220.0,350.0,700.0,24.0,0.5,210.0,0.2
5979,September 2025,"Nag river near ambazari lake, Dist- Nagpur",Nagpur,River,,,,6.5,7.8,3.5,453.0,0.32,170.0,350.0,9.2,12.0,0.4,284.0,0.2
5980,September 2025,Nag river  near bhandewadi bridge Dist- Nagpur,Nagpur,River,,,,0.3,7.6,22.0,726.0,0.3,920.0,1600.0,17.0,52.0,2.24,497.0,1.23
5981,September 2025,"Nag river  near asoli road bridge, bhandara road, Dist- Nagpur",Nagpur,River,,,,0.3,7.5,18.0,721.0,0.3,280.0,350.0,55.0,40.0,2.64,484.0,1.1
5982,September 2025,"Pilli river  near wanjara layout, kamptee road, Dist-Nagpur",Nagpur,River,,,,0.3,7.6,18.5,738.0,1.67,170.0,350.0,50.0,44.0,4.71,456.0,1.3
5983,September 2025,"Pilli river  near, vill-mankapur on koradi road, Dist- Nagpur",Nagpur,River,,,,0.3,7.7,41.0,746.0,0.3,140.0,280.0,100.0,112.0,4.42,492.0,1.3
2172,September 2025,"Wainganga river at D/s of Ellora Paper Mills, Village. Tumsar, Taluka. Tumsar, District. Bhandara.",Bhandara,River,Wainganga,21.355116666666667,79.79905,6.5,8.0,5.5,168.0,0.83,70.0,140.0,330.0,28.0,0.71,124.0,0.2
2173,September 2025,"Wainganga river at U/s of Ellora Paper Mills, Village. Tumsar, Taluka. Tumsar, District. Bhandara.",Bhandara,River,Wainganga,21.357566666666667,79.79903333333333,6.7,7.7,5.4,165.0,0.88,33.0,70.0,340.0,24.0,0.71,127.0,0.2
5984,September 2025,"Wainganga river at kardha bridge, D/S of bhandara city, Dist- Bhandara",Bhandara,River,,21.150911,79.66716,7.1,7.7,3.8,170.0,0.71,33.0,49.0,350.0,20.0,0.86,132.0,0.2
11,September 2025,"Wainganga river at Ashti, Village. Ashti, Taluka. Gondpipri, District.Chandrapur.",Chandrapur,River,Wainganga,19.177383333333335,79.78566666666667,6.1,8.4,3.3,1873.0,1.0,33.0,49.0,45.0,8.0,0.43,140.0,0.2
2156,September 2025,"Wardha river at confluence point of Penganga & Wardha. Village. Jugad, Taluka. Wani, District. Yavatmal.",Chandrapur,River,Penganga,19.89905,79.14851666666667,5.7,8.5,4.1,501.0,4.03,110.0,280.0,50.0,16.0,0.83,329.0,0.2
2174,September 2025,"Wardha river at D/s of ACC Ltd. Ghuggus near WCL pump house, Village. Ghuggus, Taluka. Chandrapur, District. Chandrapur.",Chandrapur,River,Wardha,19.90485,79.1149,6.1,8.5,4.0,501.0,4.05,110.0,220.0,16.0,16.0,0.99,340.0,0.2
2175,September 2025,"Wainganga river at U/s of Gaurav Paper Mills, near jackwell,  Village. Bramhpuri, Taluka. Chandrapur, District. Chandrapur.",Chandrapur,River,Wainganga,20.619483333333335,79.8568,6.5,8.0,3.2,185.0,1.04,79.0,140.0,70.0,8.0,0.43,146.0,0.2
2176,September 2025,"Wainganga river at D/s of Gaurav Paper Mills, near jackwell,  Village. Bramhpuri, Taluka. Chandrapur, District. Chandrapur.",Chandrapur,River,Wainganga,20.619483333333335,79.94013333333334,6.3,7.6,3.5,183.0,0.59,140.0,280.0,70.0,12.0,0.43,141.0,0.2
2697,September 2025,"Penganga river near water supply scheme of Umarkhed M.C., Village. Belkhed,Taluka. Umarkhed, District. Yavatmal.",Chandrapur,River,Penganga,20.39265,78.13223333333333,6.8,8.2,3.2,337.0,2.62,7.8,13.0,6.0,8.0,0.4,220.0,0.2
2698,September 2025,"Penganga river D/s of Isapur Dam, Village. Isapur,Taluka. Pusad,District. Yavatmal.",Chandrapur,River,Penganga,20.39265,78.13223333333333,5.8,8.2,4.4,336.0,2.44,49.0,79.0,9.1,16.0,0.4,218.0,0.2
2719,September 2025,"Wardha river at D/s of Erai river at Hadasti near Arun Engg. Works, Village. Hadasti, Taluka. Chandrapur, District. Chandrapur.",Chandrapur,River,Erai,19.99055,79.26256666666667,5.8,8.4,3.7,500.0,4.14,140.0,280.0,60.0,16.0,1.19,329.0,0.2
2720,September 2025,"Wardha river at U/s of Erai river at Hadasti near Arun Engg. Works, Village. Hadasti, Taluka. Chandrapur, District. Chandrapur.",Chandrapur,River,Erai,19.987716666666667,79.11511666666667,6.4,8.4,3.0,500.0,4.23,79.0,110.0,60.0,8.0,0.83,346.0,0.2
2721,September 2025,"Wardha river at U/s of ACC Ltd. Ghuggus near WCL pump house, Village. Ghuggus, Taluka. Chandrapur, District. Chandrapur.",Chandrapur,River,Wardha,19.9056,79.1149,6.5,8.4,3.6,501.0,4.13,79.0,140.0,60.0,12.0,1.24,327.0,0.2
1212,September 2025,"Wardha river at Rajura bridge, Village. Rajura, Taluka. Chandrapur, District. Chandrapur.",Chandrapur,River,Wardha,19.8,79.38333333333334,6.7,8.4,3.4,503.0,4.06,110.0,170.0,110.0,12.0,1.05,327.0,0.2
1096,September 2025,"Godavari river at Ramkund, Village. Panchavati, Taluka. Nashik, District. Nashik.",Nashik,River,Godavri,20.008033333333334,73.79236666666667,5.2,8.2,4.2,321.0,2.52,24.0,280.0,2.61,20.0,0.4,259.0,0.44
1211,September 2025,"Godavari river at D/s of Nashik near Amardham, Village. GadgebabaMaharaj Nagar, Taluka . Nashik, District. Nashik.",Nashik,River,Godavri,20.001816666666667,73.79736666666666,5.2,8.2,4.2,321.0,2.52,24.0,280.0,2.61,20.0,0.4,259.0,0.44
2177,September 2025,"Godavari river near Someshwar Temple, Village. Someshwar, Taluka. Nashik, District. Nashik.",Nashik,River,Godavri,20.023183333333332,73.729,5.9,8.2,3.2,209.0,1.49,26.0,540.0,2.52,12.0,0.4,169.0,0.49
2179,September 2025,"Godavari river at Hanuman Ghat, Village. Nashik city, Taluka. Nashik, District. Nashik.",Nashik,River,Godavri,20.0091,73.78366666666666,5.7,8.1,3.4,328.0,2.42,15.0,220.0,2.92,12.0,0.4,263.0,0.53
2180,September 2025,"Godavari river at Tapovan,Village. Tapovan, Taluka. Nashik, District. Nashik.",Nashik,River,Godavri,20.000116666666667,73.81511666666667,5.0,7.5,3.8,519.0,1.48,36.0,920.0,3.64,16.0,0.4,414.0,1.14
2181,September 2025,"Godavari river at Kapila. Godavari confluence point,  Village. Tapovan, Taluka. Nashik, District. Nashik.",Nashik,River,Godavri,20.0002,73.81523333333334,5.0,8.1,4.6,330.0,2.54,25.0,920.0,4.23,16.0,0.4,266.0,0.61
2182,September 2025,"Godavari river at Saikheda village,  Village. Saikheda, Taluka. Niphad, District. Nashik.",Nashik,River,Godavri,20.014316666666666,74.00583333333333,4.5,7.9,5.0,264.0,2.18,17.0,280.0,4.12,16.0,0.4,215.0,1.5
2183,September 2025,"Godavari river at Nandur.Madhmeshwar Dam, Village. Nandur, Taluka. Niphad, District. Nashik.",Nashik,River,Godavri,20.008916666666668,74.13246666666667,5.2,8.1,4.0,329.0,2.67,12.0,79.0,3.54,12.0,0.4,263.0,0.8
2660,September 2025,"Darna river at Chehedi water works (pumping station), Village. Chehedi, Taluka. Nashik, District. Nashik.",Nashik,River,Darna,19.931216666666668,73.85715,5.4,8.2,3.4,187.0,1.35,13.0,220.0,3.81,16.0,0.4,151.0,0.5
2661,September 2025,"Darna river at Aswali ( Darna Dam),Village. Aswali,Taluka. Igatpuri,District. Nashik.",Nashik,River,Darna,19.803066666666666,73.73793333333333,5.1,8.1,3.6,124.0,0.79,17.0,150.0,3.38,12.0,0.4,99.0,1.43
2662,September 2025,"Darna river at MES site pumping station, Village. Bhagur, Taluka. Nashik, District. Nashik.",Nashik,River,Darna,19.868566666666666,73.8277,5.2,8.3,4.0,180.0,1.0,25.0,540.0,2.87,12.0,0.4,146.0,0.57
2663,September 2025,"Darna river at Bhagur pumping station near Pandhurli bridge, Village. Bhagur,Taluka. Nashik,District. Nashik.",Nashik,River,Darna,19.871766666666666,73.83725,4.9,8.3,4.6,173.0,1.06,25.0,280.0,3.19,16.0,0.4,136.0,0.59
2664,September 2025,"Darna river at Sansari, Village. Sansari,Taluka. Nashik,District. Nashik.",Nashik,River,Darna,19.905833333333334,73.84243333333333,5.3,8.3,3.8,185.0,1.32,12.0,210.0,4.14,12.0,0.4,150.0,0.86
1253,September 2025,"Girna river at Malegaon road bridge, Village. Malegaon, Taluka. Malegaon, District. Nashik.",Nashik,River,Girrna,20.5351,74.52033333333333,5.6,8.2,4.6,289.0,2.83,21.0,540.0,194.0,16.0,0.75,231.0,0.84
1251,September 2025,"Tapi river at U/s, Bhusawal,Village. Bhusawal Railway Colony, Taluka. Bhusawal, District. Jalgaon.",Jalgaon,River,Tapi,21.061183333333332,75.79228333333333,5.5,8.3,4.0,140.0,0.84,17.0,220.0,3.92,12.0,0.4,111.0,0.57
1313,September 2025,"Tapi river at Ajnad village, Village.Ajnad , Taluka. Raver, District.Jalgaon.",Jalgaon,River,Tapi,21.244933333333332,76.1483,5.0,8.1,4.8,253.0,2.5,20.0,430.0,192.0,16.0,0.4,202.0,0.75
2658,September 2025,"Bori river, D/S of Amalner, Village. Amalner, Taluka. Jalgaon, District. Jalgaon.",Jalgaon,River,Bori,21.056,75.07138333333333,5.2,8.1,4.2,254.0,2.18,24.0,430.0,194.0,16.0,0.4,204.0,1.84
2667,September 2025,"Hiwara river at  D/S of Pachora, Village. Pachora,Taluka. Jalgaon,District. Jalgaon.",Jalgaon,River,Hiwara,20.667183333333334,75.35773333333333,5.2,8.3,4.0,143.0,2.59,24.0,350.0,5.06,16.0,0.4,114.0,0.61
2674,September 2025,"Mor river  near Padalashe, Village. Padalashe,Taluka. Jalgaon, District. Jalgaon.",Jalgaon,River,Mor,21.107583333333334,75.79191666666667,5.6,8.3,3.8,143.0,1.08,26.0,540.0,3.18,12.0,0.4,112.0,0.6
2710,September 2025,"Titur river at  D/S of Chalisgaon, Village. Chalisgaon,Taluka. Jalgaon,District. Jalgaon.",Jalgaon,River,Titur,20.46645,75.01941666666667,4.7,8.1,4.8,243.0,3.66,14.0,210.0,186.0,20.0,0.95,196.0,1.45
2718,September 2025,"Waghur river at. Sakegaon before Confluence with Tapi river, Village. Sakegaon,Taluka. Jalgaon,District. Jalgaon.",Jalgaon,River,Waghur,21.0932,75.69403333333334,5.1,8.1,4.2,249.0,2.5,14.0,94.0,189.0,12.0,0.89,198.0,0.75
1252,September 2025,"Girna river at Jalgaon at intake of Girna pump huose, Village. Girna pump house area, Taluka. Jalgaon, District. Jalgaon.",Jalgaon,River,Girna,20.989533333333334,75.5157,5.5,8.3,4.0,149.0,0.82,17.0,350.0,4.8,12.0,0.4,119.0,0.67
1314,September 2025,"Tapi river at Ubad village near Gujratborder, Village. Ubad, Taluka. Shahada, District. Nandurbar.",Dhule,River,Tapi,21.529983333333334,74.31915,5.4,8.2,3.6,291.0,2.83,14.0,220.0,195.0,12.0,0.68,236.0,1.42
2652,September 2025,"Amravati river at D/s. of Dondaicha, Village. Dondaicha, Taluka. Dhule, District. Dhule.",Dhule,River,Amravati,21.328133333333334,74.56973333333333,,,,,,,,,,,,
2659,September 2025,"Burai river before confluence to Tapi river, Village. Mukudas, Taluka. Dhule, District. Dhule.",Dhule,River,Burai,21.301283333333334,75.79696666666666,5.4,8.3,3.8,289.0,2.62,25.0,430.0,188.0,12.0,0.58,233.0,1.15
2666,September 2025,"Gomai river D/s. of Shahada, Village. Shahada,Taluka. Dhule,District. Dhule.",Dhule,River,Gomai,21.545733333333335,74.4603,5.2,8.2,4.0,290.0,2.72,17.0,280.0,201.0,16.0,0.57,234.0,0.81
2670,September 2025,"Kan river at Sakri water works, Village. Sakri, Taluka. Dhule, District. Dhule.",Dhule,River,Kan,20.994033333333334,74.29133333333333,5.5,8.5,4.0,306.0,2.62,12.0,110.0,3.61,16.0,0.4,248.0,0.67
2684,September 2025,"Panzara river, Near Panzarakan SSK Ltd, Village. Panzara,Taluka. Dhule, District. Dhule.",Dhule,River,Panzara,20.95675,74.2933,5.6,8.4,3.8,309.0,2.58,25.0,350.0,4.09,16.0,0.4,249.0,0.63
1907,September 2025,"Rangavali river at D/s of Navapur near Rangavali bridge, Village. Navapur, Taluka. Navapur, District. Nandurbar.",Dhule,River,Rangavali,21.163233333333334,73.78685,5.0,8.5,4.8,320.0,2.7,14.0,350.0,3.28,20.0,0.52,256.0,0.63
1463,September 2025,"Nira river at Sarola bridge, Village. Sarola, Taluka.Bhor, District. Pune.",Pune,River,Nira,18.176466666666666,73.95478333333334,5.7,8.3,4.6,177.0,0.51,12.0,94.0,2.75,16.0,0.4,143.0,0.2
2191,September 2025,"Mutha river at Sangam bridge near Ganapathyghat, Village . Shivaji Nagar,  Taluka. Pune, District. Pune.",Pune,River,Mutha,18.53025,73.86103333333334,4.8,7.5,7.3,200.0,0.8,220.0,1600.0,1.78,20.0,0.61,160.0,0.8
2192,September 2025,"Mula - Mutha river at Mundhawa bridge,Village. Mundhawa,Taluka. Haweli,District. Pune.",Pune,River,Mula Mutha,18.536766666666665,73.93358333333333,5.0,7.2,8.6,238.0,0.79,94.0,1600.0,1.69,24.0,0.75,190.0,0.68
2193,September 2025,"Mula river at Aundh bridge, Village. Aundhgaon,Taluka. Haweli, District. Pune.",Pune,River,Mula,18.567483333333332,73.81125,5.6,7.8,5.8,164.0,1.2,13.0,920.0,1.66,16.0,1.37,136.0,1.03
2194,September 2025,"Mula river at Harrison bridge near Mula.Pawana sangam, Village. Bopodi,Taluka. Haweli, District. Pune.",Pune,River,Mula,18.574366666666666,73.83565,5.1,7.6,7.6,177.0,0.42,26.0,1600.0,1.57,20.0,0.58,148.0,1.07
2195,September 2025,"Nira river at D/s of Jubilant Organosis,  Village. Nimbut, Taluka. Baramati, District. Pune.",Pune,River,Nira,18.10155,74.23396666666666,5.2,8.0,7.4,239.0,0.55,130.0,920.0,1.07,24.0,0.4,192.0,0.89
2682,September 2025,"Nira river at U/s of Jubilant Organosis, Village. Nira (Dattaghat),Taluka. Baramati, District. Pune.",Pune,River,Nira,18.09685,74.21216666666666,5.3,7.8,6.0,218.0,0.43,6.8,46.0,1.33,20.0,0.4,175.0,0.2
2656,September 2025,"Bhima river. Backwater of Ujani Dam, near raw water pump house, Village. Kumbargaon, Taluka. Indapur, District. Pune.",Pune,River,Bhima,18.27235,74.79821666666666,6.2,8.3,3.0,830.0,0.82,23.0,170.0,3.28,8.0,0.67,667.0,0.2
2678,September 2025,"Mutha river near Veer Savarkar Bhavan, Village. Pune  M.C, Taluka. Pune, District .Pune.",Pune,River,Mutha,18.52145,73.8503,4.0,7.5,8.4,202.0,0.71,920.0,1600.0,1.98,24.0,0.49,162.0,1.05
2679,September 2025,"Mutha river at Deccan bridge, Village. Deccan,Taluka. Pune, District. Pune.",Pune,River,Mutha,18.515166666666666,73.84461666666667,3.7,7.4,9.2,202.0,0.91,430.0,1600.0,1.72,28.0,0.57,165.0,1.01
1189,September 2025,"Bhima river at Pune (Mutha river) at U/s of Vithalwadi near Shankar Mandir, Village. Vithalwadi, Taluka. Haweli, District. Pune.",Pune,River,Bhima,18.483533333333334,73.8259,5.1,7.5,7.3,203.0,1.03,17.0,920.0,1.91,20.0,0.82,160.0,0.66
1190,September 2025,"Bhima river at D/s of Bundgarden, Village . Yerwada,Taluka. Haweli, District. Pune.",Pune,River,Bhima,18.544116666666667,73.88243333333334,4.5,7.4,9.0,226.0,0.66,120.0,920.0,1.75,28.0,0.44,182.0,1.0
1191,September 2025,"Bhima river after confluence with Mula.Mutha at Pargaon near Vasant Bandara,Village. Pargaon,Taluka. Daund, District. Pune.",Pune,River,Bhima,18.5679,74.37801666666667,5.1,7.7,8.2,433.0,0.56,49.0,350.0,1.1,24.0,0.4,348.0,0.2
1192,September 2025,"Bhima river at Daund near Mahadev temple,Village. Daund, Taluka. Daund, District. Pune.",Pune,River,Bhima,18.470566666666667,74.58725,5.6,8.1,5.5,464.0,,70.0,540.0,1.3,20.0,0.68,368.0,0.2
2680,September 2025,"Mutha river at Khadakvasla Dam, Village. Khadakvasla,Taluka. Haweli, District. Pune.",Pune,River,Mutha,18.44055,73.77351666666667,6.9,7.8,2.4,123.0,0.82,6.8,1600.0,3.05,8.0,0.99,102.0,0.68
2197,September 2025,"Indrayani river at D/s of Alandigaon, Village. Alandigaon, Taluka. Haweli, District. Pune.",Pune,River,Indrayani,18.657133333333334,73.91,6.0,7.9,5.4,241.0,0.64,7.8,1600.0,1.06,20.0,0.87,185.0,0.82
2655,September 2025,"Bhima river at Koregaon near Koregaon bridge, Village. Koregaon,Taluka. Shirur, District. Pune.",Pune,River,Bhima,18.6452,74.05505,6.5,8.2,4.6,272.0,0.85,21.0,540.0,1.32,16.0,0.63,212.0,0.37
2665,September 2025,"Ghod river at Shirur, Village. Shirur,Taluka. Shirur,District. Pune.",Pune,River,Ghod,18.832683333333332,74.39173333333333,6.4,8.2,4.0,303.0,0.55,6.1,540.0,1.8,12.0,0.61,237.0,0.25
2668,September 2025,"Indrayani river at D/s of Moshi village. Village. Moshi,  Taluka. Haweli, District. Pune.",Pune,River,Indrayani,18.68365,73.87855,6.1,7.7,4.8,282.0,0.75,13.0,1600.0,1.12,16.0,0.95,225.0,0.9
2669,September 2025,"Indrayani river at U/s of Moshigaon,Village. Moshi, Taluka. Haweli, District. Pune.",Pune,River,Indrayani,18.68885,73.84655,6.6,7.8,3.8,204.0,0.56,11.0,1600.0,1.6,12.0,0.67,154.0,0.24
2677,September 2025,"Mula.Mutha river at D/s of Theur, Village. Theur, Taluka. Haweli, District. Pune.",Pune,River,Mula Mutha,18.53076666666667,74.34825,5.2,7.2,7.2,308.0,1.31,33.0,1600.0,2.48,24.0,1.68,248.0,0.88
2715,September 2025,"Vel river at Shikrapur, Village. Shikrapur,Taluka. Shirur, District. Pune.",Pune,River,Velu,18.693566666666666,74.13533333333334,6.2,8.3,5.0,587.0,0.68,17.0,350.0,1.15,16.0,0.72,451.0,0.2
2196,September 2025,"Pawana river at Sangavigaon,  Village. Sangavigaon, Taluka. Haweli, District. Pune.",Pune,River,Pawana,18.575666666666667,73.82558333333333,5.2,7.3,5.6,240.0,0.77,23.0,350.0,1.0,19.9,0.45,195.0,0.73
2690,September 2025,"Pawana river at Kasarwadi, Village. Kasarwadi, Taluka. Haweli, District. Pune.",Pune,River,Pawana,18.602283333333332,73.82176666666666,4.6,7.2,8.4,282.0,1.01,47.0,540.0,1.0,23.9,0.79,228.0,0.93
2691,September 2025,"Pawana river at  Dapodi bridge, at Pawana. Mulla Sangam,  Village. Dapodi, Taluka. Haweli, District. Pune.",Pune,River,Pawana,18.573816666666666,73.83181666666667,4.9,7.2,8.2,346.0,0.99,110.0,1600.0,1.33,23.9,0.69,279.0,1.04
2692,September 2025,"Pawana river at Ravet Weir, Village. Ravet, Taluka. Haweli, District. Pune.",Pune,River,Pawana,18.639566666666667,73.74778333333333,5.8,7.7,4.6,175.0,0.88,21.0,170.0,1.82,8.0,0.57,142.0,0.2
2693,September 2025,"Pawana river at Chinchwadgaon, Village. Chinchwadgaon,Taluka. Haweli,District. Pune.",Pune,River,Pawana,18.625883333333334,73.77801666666667,5.3,7.5,5.4,189.0,0.68,49.0,540.0,1.0,15.9,0.71,156.0,0.4
2694,September 2025,"Pawana river at Pimprigaon, Village. Pimprigaon, Taluka. Haweli, District. Pune.",Pune,River,Pawana,18.621683333333333,73.79838333333333,5.1,7.2,7.0,304.0,0.81,46.0,540.0,1.0,19.9,0.46,248.0,0.76
36,September 2025,"Krishna river at Krishna bridge, ( Krishna river at NH.4 bridge ) Village. Karad, Taluka. Karad, District. Satara.",Satara,River,Krishna,17.294833333333333,74.18868333333333,6.1,8.2,4.6,200.0,0.77,23.0,220.0,4.65,15.9,0.4,160.0,0.2
2186,September 2025,"Venna river at Varye, Village . Varye,Taluka. Satara, District. Satara.",Satara,River,Venna,17.729883333333333,73.98213333333334,6.8,8.2,2.6,161.0,0.69,2.0,280.0,4.82,8.0,0.51,132.0,0.2
2187,September 2025,"Krishna river at Kshetra Mahuli, Village. Kshetra.Mahuli,Taluka. Mahuli, District. Satara.",Satara,River,Krishna,17.69558333333333,74.05476666666667,5.9,8.3,5.4,246.0,0.49,31.0,540.0,2.2,19.9,0.4,198.0,0.2
2188,September 2025,"Krishna river at Krishna. Venna Sangam Mahuli , Village. Mahuli,Taluka. Mahuli, District. Satara.",Satara,River,Krishna,17.69075,74.05146666666667,6.3,8.2,4.0,272.0,0.55,70.0,920.0,2.47,12.0,0.4,220.0,0.2
2189,September 2025,"Koyna River at Karad, Village. Karad,Taluka. Karad, District. Satara.",Satara,River,Koyna,17.2778,74.17546666666667,6.2,8.1,4.1,89.0,0.61,17.0,240.0,5.82,12.0,0.4,76.0,0.2
2190,September 2025,"Krishna river at Wai, Village. Wai,Taluka. Wai,District. Satara.",Satara,River,Krishna,17.571733333333334,74.0477,6.1,8.2,4.6,137.0,0.7,14.0,220.0,1.7,12.0,0.55,112.0,0.2
2681,September 2025,"Nira river at Sangavi, Village. Sangavi, Taluka. Phaltan, District. Satara.",Satara,River,Nira,18.057066666666667,74.48866666666666,6.0,8.3,5.2,272.0,0.69,23.0,540.0,1.46,20.0,0.41,219.0,0.22
2683,September 2025,"Nira river at Shindewadi,  Village. Shirval, Taluka. Khandala, District. Satara.",Satara,River,Nira,18.146183333333333,73.98406666666666,6.2,8.2,4.5,173.0,0.72,33.0,540.0,1.94,16.0,0.4,134.0,0.2
2711,September 2025,"Urmodi river at Nagthne, Village. Nagthane,Taluka. Satara, District. Satara.",Satara,River,Urmodi,17.57175,74.04771666666667,6.1,8.2,5.0,174.0,0.81,46.0,350.0,3.43,16.0,0.63,142.0,0.2
2716,September 2025,"Venna river at  Mahabaleshwar, Village. Mahabaleshwar, Taluka. Mahabaleshwar, District. Satara.",Satara,River,Venna,17.9216,73.69125,6.7,8.0,2.4,44.0,0.92,17.0,350.0,10.8,8.0,0.4,38.0,0.2
2717,September 2025,"Venna river at Mahuli, Village. Mahuli, Taluka. Mahuli, District. Satara.",Satara,River,Venna,17.692766666666667,74.05071666666667,6.3,8.1,4.2,196.0,0.83,70.0,350.0,5.54,16.0,0.69,155.0,0.2
1194,September 2025,"Krishna river at Dhom Dam, Village. Wai, Taluka.Mahabaleshwar, District.Satara.",Satara,River,Krishna,17.966666666666665,73.83333333333333,6.9,8.3,2.2,103.0,0.44,4.0,94.0,1.27,8.0,0.4,85.0,0.2
28,September 2025,"Bhima river at Takli near Karnataka border, Village. Takali, Taluka. South Solapur,  District. Solapur.",Solapur,River,Bhima,17.415166666666668,75.8461,6.4,8.3,5.0,679.0,1.06,14.0,350.0,4.35,16.0,1.24,542.0,0.31
1188,September 2025,"Bhima river at Narsingpur  near Sangam bridge after confluence with Nira, Village. Narsingpur, Taluka.Malshiros, District. Solapur.",Solapur,River,Bhima,17.5,75.5,6.4,8.2,4.8,569.0,0.93,17.0,540.0,1.75,16.0,0.71,435.0,0.73
1911,September 2025,"Chandrabhaga river at U/s of Pandharpur town, Village. Gursale,Taluka. Pandharpur, District. Solapur.",Solapur,River,Chandrabhaga,17.72995,75.31241666666666,6.5,8.2,4.6,645.0,0.89,1.8,280.0,2.2,16.0,0.57,516.0,0.45
1912,September 2025,"Chandrabhaga river at D/s of Pandharpur town rear Vishnupant Mandir, Village. Gopalpur,Taluka. Pandharpur,District. Solapur.",Solapur,River,Chandrabhaga,17.6681,75.34731666666667,5.8,8.2,5.4,409.0,0.68,11.0,350.0,1.14,19.9,0.48,485.0,0.84
2705,September 2025,"Sina river near Laboti toll naka, Village. Laboti,Taluka. Mohal, District. Solapur.",Solapur,River,Sina,17.784916666666668,75.70961666666666,5.8,8.4,7.4,1057.0,0.85,13.0,280.0,7.62,32.0,1.04,816.0,0.35
