STN Code,Stn Name,Type Water Body,Name Of Water Body,District,latitude_dd,longitude_dd,is_river_cohort,total_months_available
1092,"Kalu river at Atale village, Village. Atale, Taluka. Kalyan, District. Thane.",River,Kalu,Thane,19.45,73.16666666666667,True,3
1093,"Ulhas river at U/s of NRC Bund, Village. Mohane, Taluka. Kalyan, District. Thane.",River,Ulhas,Thane,19.25,73.25,True,3
1094,"Ulhas river at U/s of Badlapur water works, Village. Kulgaon, Taluka. Ambernath, District. Thane.",River,Ulhas,Thane,19.149483333333333,73.25341666666667,True,3
1095,"Godavari river at U/s of Gangapur Dam, Village. Gangapur,Taluka. Nashik, District. Nashik.",Dam,Godavari,Nashik,20.04,73.67918333333333,False,3
1096,"Godavari river at Ramkund, Village. Panchavati, Taluka. Nashik, District. Nashik.",River,Godavri,Nashik,20.008033333333334,73.79236666666667,True,3
11,"Wainganga river at Ashti, Village. Ashti, Taluka. Gondpipri, District.Chandrapur.",River,Wainganga,Chandrapur,19.177383333333335,79.78566666666667,True,3
1151,"Patalganga river at Shilphata bridge, Village.Khopoli,Taluka. Khalapur, District. Raigad.",River,Patalganga,Raigad,18.80125,73.32318333333333,True,3
1152,"Kundalika river at Roha bridge,  Village.Roha, Taluka. Roha, District. Raigad.",River,Kundalika,Raigad,18.440733333333334,73.12075,True,3
1153,"Krishna river at Rajapur Weir, Village. Rajapur, Taluka. Shirol, District. Kolhapur.",River,Krishna,Kolhapur,16.628616666666666,74.66488333333334,True,3
1188,"Bhima river at Narsingpur  near Sangam bridge after confluence with Nira, Village. Narsingpur, Taluka.Malshiros, District. Solapur.",River,Bhima,Solapur,17.5,75.5,True,3
1189,"Bhima river at Pune (Mutha river) at U/s of Vithalwadi near Shankar Mandir, Village. Vithalwadi, Taluka. Haweli, District. Pune.",River,Bhima,Pune,18.483533333333334,73.8259,True,3
1190,"Bhima river at D/s of Bundgarden, Village . Yerwada,Taluka. Haweli, District. Pune.",River,Bhima,Pune,18.544116666666667,73.88243333333334,True,3
1191,"Bhima river after confluence with Mula.Mutha at Pargaon near Vasant Bandara,Village. Pargaon,Taluka. Daund, District. Pune.",River,Bhima,Pune,18.5679,74.37801666666667,True,3
1192,"Bhima river at Daund near Mahadev temple,Village. Daund, Taluka. Daund, District. Pune.",River,Bhima,Pune,18.470566666666667,74.58725,True,3
1194,"Krishna river at Dhom Dam, Village. Wai, Taluka.Mahabaleshwar, District.Satara.",River,Krishna,Satara,17.966666666666665,73.83333333333333,True,3
12,"Godavari river at Dhalegaon, Village. Dhalegaon, Taluka. Pathari,  District. Parbhani.",River,Godavari,Parbhani,19.2254,76.36423333333333,True,3
1209,"Godavari river at Raher, Village.Raher, Taluka. Nayagaon, District. Nanded.",River,Godavari,Nanded,18.896349999999998,77.67766666666667,True,3
1210,"Godavari river near Intake water pump house, Village. Vishnupuri, Taluka. Nanded, District. Nanded.",River,Godavari,Nanded,19.12685,77.27938333333333,True,3
1211,"Godavari river at D/s of Nashik near Amardham, Village. GadgebabaMaharaj Nagar, Taluka . Nashik, District. Nashik.",River,Godavri,Nashik,20.001816666666667,73.79736666666666,True,3
1212,"Wardha river at Rajura bridge, Village. Rajura, Taluka. Chandrapur, District. Chandrapur.",River,Wardha,Chandrapur,19.8,79.38333333333334,True,3
1251,"Tapi river at U/s, Bhusawal,Village. Bhusawal Railway Colony, Taluka. Bhusawal, District. Jalgaon.",River,Tapi,Jalgaon,21.061183333333332,75.79228333333333,True,3
1252,"Girna river at Jalgaon at intake of Girna pump huose, Village. Girna pump house area, Taluka. Jalgaon, District. Jalgaon.",River,Girna,Jalgaon,20.989533333333334,75.5157,True,3
1253,"Girna river at Malegaon road bridge, Village. Malegaon, Taluka. Malegaon, District. Nashik.",River,Girrna,Nashik,20.5351,74.52033333333333,True,3
1310,"Krishna river at Kurundwad near Santaji Ghorpade Ghat , Village.Narshingwadi, Kurundwad, Taluka. Shirol, District. Kolhapur.",River,Krishna,Kolhapur,16.687933333333334,74.60091666666666,True,3
1311,"Panchaganga river at Ichalkaranji near MIDC  intake well. Village. Shiradhwad  (Ichalkaranji ghat), Taluka.Hatkanangale, District. Kolhapur.",River,Panchganga,Kolhapur,16.66583333333333,74.47491666666667,True,3
1312,"Godavari river at Jaikwadi Dam, Village. Paithan, Taluka. Paithan, District.Ch. Sambhaji Nagar.",River,Godavari,Ch. Sambhaji Nagar,19.487716666666667,75.3712,True,3
1313,"Tapi river at Ajnad village, Village.Ajnad , Taluka. Raver, District.Jalgaon.",River,Tapi,Jalgaon,21.244933333333332,76.1483,True,3
1314,"Tapi river at Ubad village near Gujratborder, Village. Ubad, Taluka. Shahada, District. Nandurbar.",River,Tapi,Dhule,21.529983333333334,74.31915,True,3
1315,"Wardha river at Pulgaon Railway Bridge, Village. Pulgaon,Taluka . Wardha, District. Wardha.",River,Wardha,Nagpur,20.5,78.33333333333333,True,3
1316,"Bassein creek at VasaiFort , Village. Bassein, Taluka. Vasai, District. Thane.",Creek,Bassein,Thane,19.3,72.76666666666667,False,3
1317,"Thane creek at Elephanta Island, Village. Elephanta Island , Taluka. Mumbai, District. Mumbai.",Creek,Eliphanta Island,Mumbai,18.95,72.95,False,3
1318,"Mahim creek at Mahim Bay, Village. Mahim, Taluka. Mumbai, District. Mumbai.",Creek,Mahim Creek,Mumbai,19.033333333333335,72.8,False,3
1461,"Bhatsa river at D/s of Pise Dam, Village. Pise, Taluka. Bhiwandi, District. Thane.",River,Bhatsa,Thane,19.315316666666668,73.18318333333333,True,3
1462,"Patalganga river near intake of MIDC water works  (Turade w/w). Village. Turade, Taluka. Khalapur, District. Raigad.",River,Patalganga,Raigad,18.887033333333335,73.17935,True,3
1463,"Nira river at Sarola bridge, Village. Sarola, Taluka.Bhor, District. Pune.",River,Nira,Pune,18.176466666666666,73.95478333333334,True,3
1904,"Panchaganga river at U/s of Kolhapur town near Balinga Pumping station, Village.Balinga, Taluka. Karvir, District. Kolhapur.",River,Panchganga,Kolhapur,16.69255,74.16621666666667,True,3
1905,"Panchaganga river at D/s of Kolhapur town at Gandhi nagar near NH.4 bridge and MIDC, Village. Uchegaon, Taluka. Kolhapur, District. Kolhapur.",River,Panchganga,Kolhapur,16.711616666666668,74.28036666666667,True,3
1906,"Krishna river at Walwa, D/s of Islampur near Vithal Temple, Village. Walwa, Taluka. Walwa, District. Sangli.",River,Krishna,Sangli,17.0279,74.36885,True,3
1907,"Rangavali river at D/s of Navapur near Rangavali bridge, Village. Navapur, Taluka. Navapur, District. Nandurbar.",River,Rangavali,Dhule,21.163233333333334,73.78685,True,3
1908,"Kolar river before confluence with Kanhan river at Waregaon Bridge, Village. Waregaon, Taluka.Kamptee, District.Nagpur.",River,Kanhan,Nagpur,21.216666666666665,79.2,True,3
1909,"Kanhan river at D/s of Nagpur, Village. Agargaon, Taluka. Kuhi, District. Nagpur.",River,Kanhan,Nagpur,21.25,79.13333333333334,True,3
1910,"Wainganga river after confluence with Kanhan river, Village. Ambhora,Taluka. Kuhi, District. Nagpur.",River,Kanhan,Nagpur,21.266666666666666,79.16666666666667,True,3
1911,"Chandrabhaga river at U/s of Pandharpur town, Village. Gursale,Taluka. Pandharpur, District. Solapur.",River,Chandrabhaga,Solapur,17.72995,75.31241666666666,True,3
1912,"Chandrabhaga river at D/s of Pandharpur town rear Vishnupant Mandir, Village. Gopalpur,Taluka. Pandharpur,District. Solapur.",River,Chandrabhaga,Solapur,17.6681,75.34731666666667,True,3
1913,"Purna River at Dhupeshwar at u/s of Malkapur water works, Malkapur, Dist.Akola",River,Purna,Akola,20.150166666666667,76.56041666666667,True,3
2155,"Purna river at D/s of confluence of Morna and Purna, at Andura Village, Village. Andura, Taluka. Balapur, District. Akola.",River,Morna,Akola,20.886666666666667,76.85606666666666,True,3
2156,"Wardha river at confluence point of Penganga & Wardha. Village. Jugad, Taluka. Wani, District. Yavatmal.",River,Penganga,Chandrapur,19.89905,79.14851666666667,True,3
2157,"Godavari river at Latur water intake near Pump house. Village. Dhamegaon, Taluka. Kalumb, District. Dharashiv",River,Godavari,Latur,18.55405,76.14831666666667,True,3
2158,"Godavari river at U/s of Paithan at Paithan intake pump house, Village. Jayakwadi, Taluka. Paithan, District. Ch. Sambhaji Nagar.",River,Godavari,Ch. Sambhaji Nagar,19.514783333333334,75.37428333333334,True,3
2159,"Godavari river at D/s of Paithan at Pathegaon bridge, Village. Pathegaon, Taluka. Paithan, District. Ch. Sambhaji Nagar.",River,Godavari,Ch. Sambhaji Nagar,19.480583333333332,75.39725,True,3
2160,"Godavari river at U/s of Aurangabad Reservoir,Kaigaon Tokka near Kaigaon bridge,Village. Kaigaon,Taluka. Gangapur,District. Ch. Sambhaji Nagar.",River,Godavari,Ch. Sambhaji Nagar,19.624383333333334,75.02483333333333,True,3
2161,"Godavari river at Jalna Intake water pump house, Village. Shahabad, Taluka. Ambad, District. Jalna.",River,Godavari,Jalna,19.356533333333335,75.7145,True,3
2162,"Ulhas river at Jambhul water works, Village. Jambhul, Taluka. Ambernath, District. Thane.",River,Ulhas,Thane,19.2002,73.22686666666667,True,3
2163,"Panchaganga river at Shirol near Shirol Intake well, Village. Shirol, Taluka. Shirol, District. Kolhapur.",River,Panchganga,Kolhapur,16.721883333333334,74.59453333333333,True,3
2164,"Vashishti river at U/s of Three M Paper Mills near M/s Multifilms Plastic  Pvt. Ltd ., Village. Kherdi, Taluka. Chiplun, District. Ratnagiri.",River,Vashisthi,Ratnagiri,17.525216666666665,73.55095,True,3
2165,"Sea water at Gateway of India, Village. Colaba, Taluka. Colaba, District. Mumbai.",Sea,Gate Way of India,Mumbai,18.922466666666665,72.83468333333333,False,3
2166,"Sea water at Charni road choupathy, Village. Girgaon, Taluka. Mumbai, District. Mumbai.",Sea,Churni Road,Mumbai,18.949616666666667,72.81878333333333,False,3
2167,"Sea water at Worli seaface, Village. Worli, Taluka. Worli, District. Mumbai.",Sea,Worli Seaface,Mumbai,18.997,72.81203333333333,False,3
2168,"Mithi river near Road bridge, Village. Mahim, Taluka. Bandra, District. Mumbai.",River,Mithi River,Mumbai,19.051583333333333,72.84845,True,3
2169,"Sea water at Versova beach, Village. Versova, Taluka. Andheri, District. Mumbai.",Sea,Versova Beach,Mumbai,19.138683333333333,72.80581666666667,False,3
2170,"Kanhan river at U/s of M/s Vidarbha Paper Mills, Village. Sinora, Taluka. Parseoni, District. Nagpur.",River,Kanhan,Nagpur,21.211316666666665,79.23545,True,3
2171,"Kanhan river at D/s of M/s Vidarbha Paper Mills,  Village. Sinora, Taluka. Parseoni, District. Nagpur.",River,Kanhan,Nagpur,21.209583333333335,79.23671666666667,True,3
2172,"Wainganga river at D/s of Ellora Paper Mills, Village. Tumsar, Taluka. Tumsar, District. Bhandara.",River,Wainganga,Bhandara,21.355116666666667,79.79905,True,3
2173,"Wainganga river at U/s of Ellora Paper Mills, Village. Tumsar, Taluka. Tumsar, District. Bhandara.",River,Wainganga,Bhandara,21.357566666666667,79.79903333333333,True,3
2174,"Wardha river at D/s of ACC Ltd. Ghuggus near WCL pump house, Village. Ghuggus, Taluka. Chandrapur, District. Chandrapur.",River,Wardha,Chandrapur,19.90485,79.1149,True,3
2175,"Wainganga river at U/s of Gaurav Paper Mills, near jackwell,  Village. Bramhpuri, Taluka. Chandrapur, District. Chandrapur.",River,Wainganga,Chandrapur,20.619483333333335,79.8568,True,3
2176,"Wainganga river at D/s of Gaurav Paper Mills, near jackwell,  Village. Bramhpuri, Taluka. Chandrapur, District. Chandrapur.",River,Wainganga,Chandrapur,20.619483333333335,79.94013333333334,True,3
2177,"Godavari river near Someshwar Temple, Village. Someshwar, Taluka. Nashik, District. Nashik.",River,Godavri,Nashik,20.023183333333332,73.729,True,3
2178,"Chikhali nallah meets Godavari river, Village. Chikhali, Taluka. Nashik, District. Nashik.",Nala,Chikhali Nalla,Nashik,20.017033333333334,73.73526666666666,False,3
2179,"Godavari river at Hanuman Ghat, Village. Nashik city, Taluka. Nashik, District. Nashik.",River,Godavri,Nashik,20.0091,73.78366666666666,True,3
2180,"Godavari river at Tapovan,Village. Tapovan, Taluka. Nashik, District. Nashik.",River,Godavri,Nashik,20.000116666666667,73.81511666666667,True,3
2181,"Godavari river at Kapila. Godavari confluence point,  Village. Tapovan, Taluka. Nashik, District. Nashik.",River,Godavri,Nashik,20.0002,73.81523333333334,True,3
2182,"Godavari river at Saikheda village,  Village. Saikheda, Taluka. Niphad, District. Nashik.",River,Godavri,Nashik,20.014316666666666,74.00583333333333,True,3
2183,"Godavari river at Nandur.Madhmeshwar Dam, Village. Nandur, Taluka. Niphad, District. Nashik.",River,Godavri,Nashik,20.008916666666668,74.13246666666667,True,3
2184,Vashi Creek at Airoli Bridge,Creek,Vashi Creek,Thane,19.14995,72.98385,False,3
2185,Vashi Creek at Vashi Bridge,Creek,Vashi Creek,Thane,19.063866666666666,72.97803333333333,False,3
2186,"Venna river at Varye, Village . Varye,Taluka. Satara, District. Satara.",River,Venna,Satara,17.729883333333333,73.98213333333334,True,3
2187,"Krishna river at Kshetra Mahuli, Village. Kshetra.Mahuli,Taluka. Mahuli, District. Satara.",River,Krishna,Satara,17.69558333333333,74.05476666666667,True,3
2188,"Krishna river at Krishna. Venna Sangam Mahuli , Village. Mahuli,Taluka. Mahuli, District. Satara.",River,Krishna,Satara,17.69075,74.05146666666667,True,3
2189,"Koyna River at Karad, Village. Karad,Taluka. Karad, District. Satara.",River,Koyna,Satara,17.2778,74.17546666666667,True,3
2190,"Krishna river at Wai, Village. Wai,Taluka. Wai,District. Satara.",River,Krishna,Satara,17.571733333333334,74.0477,True,3
2191,"Mutha river at Sangam bridge near Ganapathyghat, Village . Shivaji Nagar,  Taluka. Pune, District. Pune.",River,Mutha,Pune,18.53025,73.86103333333334,True,3
2192,"Mula - Mutha river at Mundhawa bridge,Village. Mundhawa,Taluka. Haweli,District. Pune.",River,Mula Mutha,Pune,18.536766666666665,73.93358333333333,True,3
2193,"Mula river at Aundh bridge, Village. Aundhgaon,Taluka. Haweli, District. Pune.",River,Mula,Pune,18.567483333333332,73.81125,True,3
2194,"Mula river at Harrison bridge near Mula.Pawana sangam, Village. Bopodi,Taluka. Haweli, District. Pune.",River,Mula,Pune,18.574366666666666,73.83565,True,3
2195,"Nira river at D/s of Jubilant Organosis,  Village. Nimbut, Taluka. Baramati, District. Pune.",River,Nira,Pune,18.10155,74.23396666666666,True,3
2196,"Pawana river at Sangavigaon,  Village. Sangavigaon, Taluka. Haweli, District. Pune.",River,Pawana,Pune,18.575666666666667,73.82558333333333,True,3
2197,"Indrayani river at D/s of Alandigaon, Village. Alandigaon, Taluka. Haweli, District. Pune.",River,Indrayani,Pune,18.657133333333334,73.91,True,3
2198,"Kundalika river at Are Khurd (Saline zone), Village.Arekhurd,Taluka. Roha, District. Raigad.",River,Kundalika,Raigad,18.48235,73.04851666666667,True,3
2199,"Savitri river at Ovale village, Village. Ovale, Taluka. Mahad, District. Raigad.",River,Savitri,Raigad,18.07065,73.33236666666667,True,3
2651,"Amba river at D/s of Waken bridge, Village. Waken phata, Taluka. Roha, District. Raigad. ( u/s of the jackwells of M/s Supreme Petrochemicals & MIDC )",River,Kundalika,Raigad,18.519166666666667,73.15723333333334,True,3
2652,"Amravati river at D/s. of Dondaicha, Village. Dondaicha, Taluka. Dhule, District. Dhule.",River,Amravati,Dhule,21.328133333333334,74.56973333333333,True,3
2653,"Bhatsa River at D/s of Liberty Oil Mills, Satnel, Shahapur, Thane.",River,Bhatsa river,Thane,19.4479,73.3494,True,3
2654,"Bhatsa River at U/s of Liberty Oil Mills, Satnel, Shahapur, Thane.",River,Bhatsa river,Thane,19.45018333333333,73.3545,True,3
2655,"Bhima river at Koregaon near Koregaon bridge, Village. Koregaon,Taluka. Shirur, District. Pune.",River,Bhima,Pune,18.6452,74.05505,True,3
2656,"Bhima river. Backwater of Ujani Dam, near raw water pump house, Village. Kumbargaon, Taluka. Indapur, District. Pune.",River,Bhima,Pune,18.27235,74.79821666666666,True,3
2657,"Bindusara river at Beed, near intake water pump house at Dam, Village. Paligaon, Taluka. Beed, District. Beed.",River,Bindusara,Beed,18.915366666666667,75.73726666666667,True,3
2658,"Bori river, D/S of Amalner, Village. Amalner, Taluka. Jalgaon, District. Jalgaon.",River,Bori,Jalgaon,21.056,75.07138333333333,True,3
2659,"Burai river before confluence to Tapi river, Village. Mukudas, Taluka. Dhule, District. Dhule.",River,Burai,Dhule,21.301283333333334,75.79696666666666,True,3
2660,"Darna river at Chehedi water works (pumping station), Village. Chehedi, Taluka. Nashik, District. Nashik.",River,Darna,Nashik,19.931216666666668,73.85715,True,3
2661,"Darna river at Aswali ( Darna Dam),Village. Aswali,Taluka. Igatpuri,District. Nashik.",River,Darna,Nashik,19.803066666666666,73.73793333333333,True,3
2662,"Darna river at MES site pumping station, Village. Bhagur, Taluka. Nashik, District. Nashik.",River,Darna,Nashik,19.868566666666666,73.8277,True,3
2663,"Darna river at Bhagur pumping station near Pandhurli bridge, Village. Bhagur,Taluka. Nashik,District. Nashik.",River,Darna,Nashik,19.871766666666666,73.83725,True,3
2664,"Darna river at Sansari, Village. Sansari,Taluka. Nashik,District. Nashik.",River,Darna,Nashik,19.905833333333334,73.84243333333333,True,3
2665,"Ghod river at Shirur, Village. Shirur,Taluka. Shirur,District. Pune.",River,Ghod,Pune,18.832683333333332,74.39173333333333,True,3
2666,"Gomai river D/s. of Shahada, Village. Shahada,Taluka. Dhule,District. Dhule.",River,Gomai,Dhule,21.545733333333335,74.4603,True,3
2667,"Hiwara river at  D/S of Pachora, Village. Pachora,Taluka. Jalgaon,District. Jalgaon.",River,Hiwara,Jalgaon,20.667183333333334,75.35773333333333,True,3
2668,"Indrayani river at D/s of Moshi village. Village. Moshi,  Taluka. Haweli, District. Pune.",River,Indrayani,Pune,18.68365,73.87855,True,3
2669,"Indrayani river at U/s of Moshigaon,Village. Moshi, Taluka. Haweli, District. Pune.",River,Indrayani,Pune,18.68885,73.84655,True,3
2670,"Kan river at Sakri water works, Village. Sakri, Taluka. Dhule, District. Dhule.",River,Kan,Dhule,20.994033333333334,74.29133333333333,True,3
2671,"Kundalika river near Salav bridge (Saline zone), Village.Salav, Taluka. Roha, District. Raigad.",River,Kundalika,Raigad,18.538783333333335,72.93531666666667,True,3
2672,"Kundalika river at Dhatav at Jackwell , Village. Dhatav,Taluka. Roha, District. Raigad.",River,Kundalika,Raigad,18.430316666666666,73.16365,True,3
2673,"Manjra river at D/s of Latur, near Latur. Nanded bridge, Village. Bhatkheda, Taluka. Latur, District. Latur.",River,Manjara,Latur,18.430433333333333,76.67088333333334,True,3
2674,"Mor river  near Padalashe, Village. Padalashe,Taluka. Jalgaon, District. Jalgaon.",River,Mor,Jalgaon,21.107583333333334,75.79191666666667,True,3
2675,Morna River D/s of Railway Bridge Akola,River,Morna,Akola,20.150266666666667,77.56036666666667,True,3
2676,"Muchkundi river at Waked, Ratnagiri, near M/s Asahi India Glass Ltd., Village. Waked, Taluka. Lanja, District. Ratnagiri.",River,Muchkundi,Ratnagiri,16.774166666666666,73.5828,True,3
2677,"Mula.Mutha river at D/s of Theur, Village. Theur, Taluka. Haweli, District. Pune.",River,Mula Mutha,Pune,18.53076666666667,74.34825,True,3
2678,"Mutha river near Veer Savarkar Bhavan, Village. Pune  M.C, Taluka. Pune, District .Pune.",River,Mutha,Pune,18.52145,73.8503,True,3
2679,"Mutha river at Deccan bridge, Village. Deccan,Taluka. Pune, District. Pune.",River,Mutha,Pune,18.515166666666666,73.84461666666667,True,3
2680,"Mutha river at Khadakvasla Dam, Village. Khadakvasla,Taluka. Haweli, District. Pune.",River,Mutha,Pune,18.44055,73.77351666666667,True,3
2681,"Nira river at Sangavi, Village. Sangavi, Taluka. Phaltan, District. Satara.",River,Nira,Satara,18.057066666666667,74.48866666666666,True,3
2682,"Nira river at U/s of Jubilant Organosis, Village. Nira (Dattaghat),Taluka. Baramati, District. Pune.",River,Nira,Pune,18.09685,74.21216666666666,True,3
2683,"Nira river at Shindewadi,  Village. Shirval, Taluka. Khandala, District. Satara.",River,Nira,Satara,18.146183333333333,73.98406666666666,True,3
2684,"Panzara river, Near Panzarakan SSK Ltd, Village. Panzara,Taluka. Dhule, District. Dhule.",River,Panzara,Dhule,20.95675,74.2933,True,3
2685,"Patalganga river at D/s of Kharpada bridge , Village. Kharpada, Taluka. Khalapur, District. Raigad.",River,Patalganga,Raigad,18.83765,73.08898333333333,True,3
2686,"Patalganga river at Vyal Pump house,  Village. Vyal,  Taluka. Khalapur, District. Raigad.",River,Patalganga,Raigad,18.87125,73.20791666666666,True,3
2687,"Patalganga river at Khalapur pumping station, Village. Khalapur, Taluka. Khalapur, District. Raigad.",River,Patalganga,Raigad,18.825066666666668,73.28333333333333,True,3
2688,"Patalganga river at Savroli bridge, Village. Savroli,Taluka. Khalapur,District. Raigad.",River,Patalganga,Raigad,18.817,73.28668333333333,True,3
2689,"Patalganga river at Gagangiri Maharaj Temple, Village. Khopoli, Taluka. Khalapur, District. Raigad.",River,Patalganga,Raigad,18.786933333333334,73.35273333333333,True,3
2690,"Pawana river at Kasarwadi, Village. Kasarwadi, Taluka. Haweli, District. Pune.",River,Pawana,Pune,18.602283333333332,73.82176666666666,True,3
2691,"Pawana river at  Dapodi bridge, at Pawana. Mulla Sangam,  Village. Dapodi, Taluka. Haweli, District. Pune.",River,Pawana,Pune,18.573816666666666,73.83181666666667,True,3
2692,"Pawana river at Ravet Weir, Village. Ravet, Taluka. Haweli, District. Pune.",River,Pawana,Pune,18.639566666666667,73.74778333333333,True,3
2693,"Pawana river at Chinchwadgaon, Village. Chinchwadgaon,Taluka. Haweli,District. Pune.",River,Pawana,Pune,18.625883333333334,73.77801666666667,True,3
2694,"Pawana river at Pimprigaon, Village. Pimprigaon, Taluka. Haweli, District. Pune.",River,Pawana,Pune,18.621683333333333,73.79838333333333,True,3
2695,"Pedhi river near road bridge at Dadhi. Pedhi village, Village. Dadhi. Pedhi, Taluka. Bhatkuli, District. Amravati.",River,Pedhi,Amravati,20.825533333333333,77.56305,True,3
2696,"Pehlar Dam on Pehlar river. inlet of water works, Village. Pehlar, Taluka. Vasai, District. Thane.",Dam,Pehlar,Thane,19.44335,72.88956666666667,False,3
2697,"Penganga river near water supply scheme of Umarkhed M.C., Village. Belkhed,Taluka. Umarkhed, District. Yavatmal.",River,Penganga,Chandrapur,20.39265,78.13223333333333,True,3
2698,"Penganga river D/s of Isapur Dam, Village. Isapur,Taluka. Pusad,District. Yavatmal.",River,Penganga,Chandrapur,20.39265,78.13223333333333,True,3
2699,Penganga River at Mehkar .Buldana Bridge.Akola,River,Penganga,Akola,20.150166666666667,76.56041666666667,True,3
2700,"Purna river near Achalpur. Amravati road bridge, Asegaon, Village. Asegaon,Taluka. Chandur Bazar, District. Amravati.",River,Purna,Amravati,20.9066,77.61361666666667,True,3
2701,"Savitri river Jackwell at Upsa kendre , Village. Nangalwadi, Taluka. Mahad, District. Raigad.",River,Savitri,Raigad,18.091916666666666,73.46571666666667,True,3
2702,"Savitri river at Shedav Dov, Village. Shedav Dov, Taluka. Mahad, District. Raigad.",River,Savitri,Raigad,18.086283333333334,73.44355,True,3
2703,"Savitri river at Dadli road bridge, Village. Dadli, Taluka. Mahad, District. Raigad.",River,Savitri,Raigad,18.07425,73.42061666666666,True,3
2704,"Savitri river at Muthavali village,  Village. Muthavali, Taluka. Mahad, District. Raigad.",River,Savitri,Raigad,18.07195,73.39411666666666,True,3
2705,"Sina river near Laboti toll naka, Village. Laboti,Taluka. Mohal, District. Solapur.",River,Sina,Solapur,17.784916666666668,75.70961666666666,True,3
2706,"Surya River at U/S of Surya Dam, Village. Dhamni, Taluka. Vikramgad, District. Thane.",River,Surya,Thane,19.917733333333334,72.05771666666666,True,3
2707,"Surya river at MIDC pumping station on Boisar . Chillarphata road, Village. Garvashet, Taluka. Palghar, District. Thane",River,Surya,Thane,19.785566666666668,72.83936666666666,True,3
2708,"Surya river at intake of Vasai.Virar water Scheme, Village. Masvan, Taluka. Palghar, District. Thane.",River,Surya,Thane,19.6977,72.851,True,3
2709,"Tansa river near road bridge, Village. Dakewali, Taluka. Wada, District. Thane.",River,Tansa,Thane,19.48518333333333,73.0824,True,3
2710,"Titur river at  D/S of Chalisgaon, Village. Chalisgaon,Taluka. Jalgaon,District. Jalgaon.",River,Titur,Jalgaon,20.46645,75.01941666666667,True,3
2711,"Urmodi river at Nagthne, Village. Nagthane,Taluka. Satara, District. Satara.",River,Urmodi,Satara,17.57175,74.04771666666667,True,3
2712,"Vaitarna river near road bridge, Village. Gandhare, Taluka. Wada, District. Thane.",River,Vaitarna,Thane,19.632616666666667,73.12998333333333,True,3
2713,"Vashishti river at D/s of Three M Paper Mills near Chiplun water intake  jackwell,  Village. Kherdi, Taluka. Chiplun, District. Ratnagiri.",River,Vashisthi,Ratnagiri,17.65945,73.53928333333333,True,3
2714,"Vashishti river at U/s of Pophali near Konphansawane bridge, Village. Pophali, Taluka. Chiplun, District. Ratnagiri.",River,Vashisthi,Ratnagiri,17.43776666666667,73.657,True,3
2715,"Vel river at Shikrapur, Village. Shikrapur,Taluka. Shirur, District. Pune.",River,Velu,Pune,18.693566666666666,74.13533333333334,True,3
2716,"Venna river at  Mahabaleshwar, Village. Mahabaleshwar, Taluka. Mahabaleshwar, District. Satara.",River,Venna,Satara,17.9216,73.69125,True,3
2717,"Venna river at Mahuli, Village. Mahuli, Taluka. Mahuli, District. Satara.",River,Venna,Satara,17.692766666666667,74.05071666666667,True,3
2718,"Waghur river at. Sakegaon before Confluence with Tapi river, Village. Sakegaon,Taluka. Jalgaon,District. Jalgaon.",River,Waghur,Jalgaon,21.0932,75.69403333333334,True,3
2719,"Wardha river at D/s of Erai river at Hadasti near Arun Engg. Works, Village. Hadasti, Taluka. Chandrapur, District. Chandrapur.",River,Erai,Chandrapur,19.99055,79.26256666666667,True,3
2720,"Wardha river at U/s of Erai river at Hadasti near Arun Engg. Works, Village. Hadasti, Taluka. Chandrapur, District. Chandrapur.",River,Erai,Chandrapur,19.987716666666667,79.11511666666667,True,3
2721,"Wardha river at U/s of ACC Ltd. Ghuggus near WCL pump house, Village. Ghuggus, Taluka. Chandrapur, District. Chandrapur.",River,Wardha,Chandrapur,19.9056,79.1149,True,3
2722,"Wena river at U/s of Mohata Mills, near Railway bridge on Wardha  Chandrapur Railway line, Village. Hinganghat, Taluka. Hinganghat, District. Wardha.",River,Wena,Nagpur,20.950133333333333,79.0126,True,3
2723,"Wena river at D/s of Mohata Mills, near  bridge on Hinganghat. Wadner road,  Village. Hinganghat, Taluka. Hinganghat,  District. Wardha.",River,Wena,Nagpur,20.54425,78.8119,True,3
2782,"Rabodi nalla, Village. Rabodi,Taluka. Thane, District. Thane.",Nala,Rabodi,Thane,19.20135,72.98621666666666,False,3
2783,"Colour chem  Nalla, Village. Majiwada,Taluka. Thane,District. Thane.",Nala,Colour Chem,Thane,19.21595,72.98588333333333,False,3
2784,"Sandoz nalla, Village. Sandozbaug,Taluka. Thane,District. Thane.",Nala,Sandoz,Thane,19.236983333333335,72.9974,False,3
2785,"BPT, Navapur, Village. Navapur, Taluka. Palghar, District. Thane.",Nala,BPT Navapur,Thane,19.786916666666666,72.69006666666667,False,3
2786,"Tarapur MIDC Nalla ( near Sump 1), Village. MIDC Tarapur, Taluka. Palghar, District. Thane.",Nala,Tarapur MIDC Nalla,Thane,19.785633333333333,72.7402,False,3
2787,"Tarapur MIDC Nalla ( Near Sump 2), Village. MIDC  Tarapur, Taluka. Palghar, District. Thane.",Nala,Tarapur MIDC Nalla,Thane,19.8056,72.7244,False,3
2788,"Tarapur MIDC Nalla ( Near Sump 3), Village. MIDC  Tarapur, Taluka. Palghar, District. Thane.",Nala,Tarapur MIDC Nalla,Thane,19.782216666666667,72.72181666666667,False,3
2789,"Nalla at D/s of Aklai Mandir, Village. Aklai, Taluka. Malshiras, District. Solapur.",Nala,Nira,Solapur,17.888983333333332,75.02568333333333,False,3
2790,"Pimpal.Paneri nalla at Ratnagiri near Finolex Industries, Village. Yahganigaon, Taluka. Ratnagiri, District. Ratnagiri.",Nala,Pimpal Paneri,Ratnagiri,16.919583333333332,73.29906666666666,False,3
2791,"Ulhas creek at Reti bunder at D/s of Kalyan. Bhiwandi bridge, Village. Kalyan, Taluka. Kalyan, District. Thane.",Creek,Ulhas,Thane,19.261833333333332,73.11738333333334,False,3
2792,"Ulhas creek at Mumbra Reti bunder, Village. Mumbra,Taluka. Thane, District. Thane.",Creek,Ulhas,Thane,19.20955,73.0178,False,3
2793,"Thane creek at Kalwa road bridge, Village. Kalwa,Taluka. Thane,District. Thane.",Creek,Thane,Thane,19.1956,72.98586666666667,False,3
2794,"Ulhas creek at Kolshet Reti bunder, Village. Kolshet, Taluka. Thane, District. Thane.",Creek,Ulhas,Thane,19.245383333333333,72.9976,False,3
2795,"Ulhas creek at Gaimukh at Nagla Bunder on Ghod bunder road, Village. Nagla,Taluka. Thane,District. Thane.",Creek,Ulhas,Thane,19.28715,72.9385,False,3
2796,"Ulhas creek at Versova bridge, Village. Versova, Taluka. Vasai, District. Thane.",Creek,Ulhas,Thane,19.287083333333335,72.90561666666666,False,3
2797,"Bhayander creek at D/s of Railway bridge at  Jasal park choupathy, Village. Navghar, Taluka. Bhayander, District. Thane.",Creek,Bhayander,Thane,19.31736666666667,72.85681666666666,False,3
2798,"Kharekuran Murbe creek , Village. Kharekuran, Taluka. Palghar, District. Thane.",Creek,Kharekuran Murbe,Thane,19.740766666666666,72.71006666666666,False,3
2799,"Dandi Creek, Village. Dandi, Taluka. Palghar, District. Thane.",Creek,Dandi,Thane,19.800683333333332,72.68758333333334,False,3
28,"Bhima river at Takli near Karnataka border, Village. Takali, Taluka. South Solapur,  District. Solapur.",River,Bhima,Solapur,17.415166666666668,75.8461,True,3
2800,"Sarwali Creek, Village. Sarwali, Taluka. Palghar, District. Thane.",Creek,Sarwali,Thane,19.770016666666667,72.75151666666666,False,3
2801,"Savta Creek, Village. Savta, Taluka. Dahanu, District. Thane.",Creek,Savta,Thane,19.965083333333332,72.77986666666666,False,3
2802,"Dahanu Creek at Dahanu Fort, Village. Danugaon, Taluka. Dahanu, District. Thane.",Creek,Dahanu,Thane,19.971866666666667,72.71886666666667,False,3
2803,"Panvel creek at Kopra bridge, Village. Kopra,Taluka. Panvel, District. Raigad.",Creek,Panvel,Raigad,19.034216666666666,73.08328333333333,False,3
2804,"Karambavane creek at Chiplun, Village. Karambavane, Taluka. Chiplun, District. Ratnagiri.",Creek,Karambavane,Ratnagiri,17.581116666666667,73.43188333333333,False,3
2805,"Arnala sea, Village. Arnala, Taluka. Vasai, District. Thane.",Sea,Arnala,Thane,19.449183333333334,72.74916666666667,False,3
2806,"Uttan sea at Bhayander, Village. Uttan, Taluka. Bhayander, District. Thane.",Sea,Uttan,Thane,19.280366666666666,72.78345,False,3
2807,"Navapur sea, Village. Navapur, Taluka. Palghar, District. Thane.",Sea,Navapur,Thane,19.7928,72.69061666666667,False,3
2808,"Sea water at Nariman Point, Village. Colaba, Taluka. Colaba, District. Mumbai.",Sea,Narimen Point,Mumbai,18.92556666666667,72.81846666666667,False,3
2809,"Sea water at Malabar Hill, Village. Walkeshwar,Taluka. Mumbai,District. Mumbai.",Sea,Malabar Hill,Mumbai,18.952933333333334,72.80666666666667,False,3
2810,"Sea water at Haji Ali, Village. Worli, Taluka. Worli, District. Mumbai.",Sea,Haji Ali,Mumbai,18.9787,72.81141666666667,False,3
2811,"Sea water at Shivaji park ( Dadar choupathy), Village. Dadar, Taluka.Dadar,  District. Mumbai.",Sea,Shivaji Park,Mumbai,19.026166666666665,72.83448333333334,False,3
2812,"Sea water at Juhu beach,  Village. Juhugaon, Taluka. Santacruz,  District. Mumbai.",Sea,Juhu  Beach,Mumbai,19.096583333333335,72.82606666666666,False,3
2813,"Sea Water at Ganapathipule, Village. Ganapatipule, Taluka. Ratnagiri,  District. Ratnagiri.",Sea,Ganptipule,Ratnagiri,17.14535,73.2655,False,3
2814,"Sea water at Bhagwati Bunder, Ratnagiri near Ultra Tech Cement Jetty , Village. Mirkarwada, Taluka. Ratnagiri, District. Ratnagiri.",Sea,Bhagwati Bundar,Ratnagiri,16.998866666666668,73.27248333333333,False,3
2815,"Madvi sea water at Ratnagiri near Jodhale Maruti Temple,  Village. Madvigaon, Taluka. Ratnagiri, District. Ratnagiri.",Sea,Mandvi,Ratnagiri,16.988533333333333,73.28425,False,3
36,"Krishna river at Krishna bridge, ( Krishna river at NH.4 bridge ) Village. Karad, Taluka. Karad, District. Satara.",River,Krishna,Satara,17.294833333333333,74.18868333333333,True,3
37,"Krishna river at Maighat, Village. Gawali gally, Taluka. Miraj,  District. Sangli.",River,Krishna,Sangli,16.861833333333333,74.55765,True,3
5792,"Lonar surovar lake, near kamalja devi temple. Tal- lonar Dist- Buldhana",Lake,,Akola,19.9719,76.50603,False,3
5793,Thane creek Flamingo Sanctuary,Creek,,Thane,19.148643,72.98188,False,3
5978,"Penganga river at washim- risod road bridge, village asegaonpen, Tal-risod, dist- washim",River,,Amravati,20.0338238,76.9576,True,3
5979,"Nag river near ambazari lake, Dist- Nagpur",River,,Nagpur,,,True,3
5980,Nag river  near bhandewadi bridge Dist- Nagpur,River,,Nagpur,,,True,3
5981,"Nag river  near asoli road bridge, bhandara road, Dist- Nagpur",River,,Nagpur,,,True,3
5982,"Pilli river  near wanjara layout, kamptee road, Dist-Nagpur",River,,Nagpur,,,True,3
5983,"Pilli river  near, vill-mankapur on koradi road, Dist- Nagpur",River,,Nagpur,,,True,3
5984,"Wainganga river at kardha bridge, D/S of bhandara city, Dist- Bhandara",River,,Bhandara,21.150911,79.66716,True,3
5985,"Gosekhurd Dam village - Gosekhurd, pauni, Dist- Bhandara",Dam,,Bhandara,20.875423,79.611417,False,3
5986,"Bhogawati River water sample at Haldi KT Weir, Tal. Karveer, Dist. Kolhapur",River,,Kolhapur,16.5833,74.15,True,3
5987,"Panchaganga River, Terwad bandhara, Dist- Kolhapur",River,,Kolhapur,16.67253,74.572223,True,3
5988,"Krishna River at nagthane KT weir, nagthane, Tal-Walwa, Dist-Sangli",River,,Sangli,17.02545,74.39523,True,3
5989,"Krishna River at krishna ghat, miraj Dist-Sangli",River,,Sangli,16.78852,74.6315,True,3
5990,"Krishna River at new haripur bridge, Tal- Miraj, Dist-Sangli",River,,Sangli,16.84793,74.53857,True,3
5991,"Purna River, Yeldari dam, Dist- Parbhani",River,,Parbhani,19.72034,76.73189,True,3
5992,"Asna River, Dist- Nanded",River,,Nanded,19.175556,77.350556,True,3
5993,Chandrabhaga river at chandur jahanpur thesil daryapur Dist- Amravati,River,,Amravati,20.941,77.338,True,3
5994,"Purna river at Kolhapur Tal- Daryapur, Dist- Amravati",River,,Amravati,20.944,77.502,True,3
5995,"Ujani dam pumping station, Dist- Solapur",Dam,,Solapur,,,False,3
5996,"Ulhas river neral, Tal- Karjat, Dist- Raigad",River,,Raigad,18.73856,73.32371,True,3
5997,"Kundalika river , kolad, Dist- Raigad",River,,Raigad,18.411402,73.2122,True,3
